[
  {
    "startIcon": "fa fa-heart",
    "startIconColor":"rgb(0,222,255)",
    "name": "Dashboard",
    "endIcons": [
      {
        "iconName": "fa fa-bars"
      }
    ]
  },
  {
    "startIcon": "fa fa-envelope-o",
    "startIconColor":"rgb(150,0,255)",
    "topIcon":"fa fa-medium", 
    "name": "Message Box",
    "endIcons": [
      {
        "iconName": "fa fa-comment-o",
        "count": "5",
        "sign": "+",
        "color": "pink"
      }
    ]
  },
  {
    "startIcon": "fa fa-credit-card",
     "startIconColor":"red",
    "name": "Notification"
  },
  {
    "startIcon": "fa fa-envelope-o",
     "startIconColor":"rgb(0,222,255)",
      "name": "Mail Box",
      "endIcons": [
      {
        "iconName": "fa fa-bars",
        "count": "12",
        "sign": "+",
        "color": "rgb(255,0,132)"
      }
    ]
  },
  {
    "startIcon": "fa fa-pie-chart",
     "startIconColor":"rgb(255,0,132)",
    "name": "Chart"
  }, 
  {
    "startIcon": "fa fa-share-alt",
     "startIconColor":"black",
    "name": "Subscriber",
    "endIcons": [
      {
        "iconName": "fa fa-instagram",
        "count": "10",
        "sign": "+",
        "color": "rgb(255,0,132)"
      },
      {
        "iconName": "fa fa-facebook",
        "count": "10",
        "sign": "+",
        "color": "rgb(0,222,255)"
      },
      {
        "iconName": "fa fa-twitter",
        "count": "10",
        "sign": "+",
        "color": "rgb(243,151,70)"
      }
    ]
  },
   {
    "startIcon": "fa fa-heart",
     "startIconColor":"rgb(255,0,132)",
    "name": "Earning"
  },  {
    "startIcon": "fa fa-heart",
     "startIconColor":"rgb(255,0,132)",
    "name": "Message Box"
  }
]
