[
  {
    "count":1,
     "browserName":"Google Chrome",
     "value":"73683677(69%)",
     "color":"rgb(255,0,132)",
     "backgroundColor":"rgb(255,0,132)"
  },
  {
    "count":1,
     "browserName":"Google Chrome",
     "value":"73683677(69%)",
     "color":"rgb(38,84,124)",
     "backgroundColor":"rgb(38,84,124)"
  },
  {
    "count":1,
     "browserName":"Google Chrome",
     "value":"73683677(69%)",
     "color":"rgb(150,0,255)",
     "backgroundColor":"rgb(150,0,255)"
  },
   {
    "count":1,
     "browserName":"Google Chrome",
     "value":"73683677(69%)",
     "color":"rgb(150,0,255)",
     "backgroundColor":"rgb(150,0,255)"
  },
   {
    "count":1,
     "browserName":"Google Chrome",
     "value":"73683677(69%)",
     "color":"rgb(0,222,255)",
     "backgroundColor":"rgb(0,222,255)"
  },
   {
    "count":1,
     "browserName":"Google Chrome",
     "value":"73683677(69%)",
     "color":"rgb(0,222,255)",
     "backgroundColor":"rgb(0,222,255)"
  },
   {
    "count":1,
     "browserName":"Google Chrome",
     "value":"73683677(69%)",
     "color":"rgb(243,151,70)",
     "backgroundColor":"rgb(243,151,70)"
  },
   {
    "count":1,
     "browserName":"Google Chrome",
     "value":"73683677(69%)",
     "color":"rgb(243,151,70)",
     "backgroundColor":"rgb(243,151,70)"
  },
  {
    "count":1,
     "browserName":"Google Chrome",
     "value":"73683677(69%)",
     "color":"rgb(150,0,255)",
     "backgroundColor":"rgb(150,0,255)"
  },
  {
    "count":1,
     "browserName":"Google Chrome",
     "value":"73683677(69%)",
     "color":"rgb(255,0,132)",
     "backgroundColor":"rgb(255,0,132)"
  }
]